code_or_suite,class,what_is_integrated,lensing_outputs,reports_B_or_rotation,B_or_rotation_numbers,public_code,public_data,shells_or_potential_for_our_solver,reference
Takahashi+2017 (GRayTrix full-sky),multi-plane (curved sky),"lens-plane recursion of full Jacobian A incl. omega","kappa,gamma1,gamma2,omega at 38 source planes z=0.05-5.34 + z=1100; Nside 4096/8192/16384","yes: rotation omega and shear B (App. C Fig.23 at zs=1.033 and 1100); deflection curl at zs=1100","C_omega agrees with Krause-Hirata 2010 (B=omega); shear B has extra numerical power (E->B leakage, worse at Nside 4096); B at least 1e-3 below E at l=2-1e4; curl agrees with post-Born at l<1000",GRayTrix not public,"yes: http://cosmo.phys.hirosaki-u.ac.jp/takahasi/allsky_raytracing/ ; sub1/nres12/allskymap_nres12r{000-107}.zs{1-38,66}.mag.dat (3.0 GiB; nres13 12 GiB; nres14 48 GiB)","NO density/potential shells released (only kappa/gamma/omega per source plane, CMB maps, halo catalogs)",arXiv:1706.01472
Hilbert+2009 (Millennium),multi-plane (flat sky),"two-previous-plane recursion; full A incl. rotation","kappa,gamma,omega on 1x1..4x4 deg fields",yes,"B-mode aperture mass at least 3 orders below E (ratio <1e-5 at large scales) for zs=2; first-order-only run leaves B at 1e-6 of E from interpolation; Cooray-Hu/Hirata-Seljak predictions off by factors ~2 at small scales",no,no,no,arXiv:0809.5035
Becker 2013 CALCLENS,multi-plane (curved sky),"Jacobian propagated plane to plane incl. omega","kappa,gamma,omega full sky Nside 4096 (order 12)",yes,"B-mode and rotation power equal to <=1% (Hirata-Seljak identity); B and omega ~1e-6 of E at z=1.1 (redshift dependent); SHT+MG solver adds numerical B",yes (code.google.com/p/calclens; github beckermr/calclens),no,no,arXiv:1210.3069
Fabbian+2018 (LenS2HAT on DEMNUni),multi-plane (curved sky),"full 2x2 Jacobian incl. rotation, 62 planes to z*=1100","CMB kappa, omega, shear",yes (CMB rotation),"C_omega agrees with Pratten-Lewis 2016 post-Born to <5% (1% at peak); shear B only beyond Born",no (modified LenS2HAT),no,no,arXiv:1702.03317
Ferlito+2024 DORIAN (MillenniumTNG),multi-plane (curved sky),"full A per plane; rotation computed; shear obtained from kappa via SHT so shear B-modes are dropped by construction","kappa,deflection,shear(E-only),omega at Nside 8192","rotation yes; shear B no (assumed negligible)","C_omega 2-3 orders of magnitude below C_kappa at zs=1",yes (gitlab.mpcdf.mpg.de/fferlito/dorian GPL-3),"mass shells 25 Mpc/h (216 to z=5) Nside 12288 announced for 2024 at mtng-project.org but site still says foreseen; data on request","mass shells (if released)",arXiv:2406.08540; 2304.12338
Petri+2016/2017 LensTools,multi-plane (flat sky) + Born + post-Born O(Phi^2),"plane recursion; returns kappa,gamma,omega","5x5 deg maps","rotation available; B not emphasised","post-Born power-spectrum corrections cancel largely (geodesic vs lens-lens)",yes (pip lenstools),no (kappaTNG-type products use it),no,arXiv:1606.01903; 1612.00852
Osato+2021 kappaTNG,multi-plane (flat, Jain+2000 algorithm),"plane recursion on 5x5 deg","kappa only (10000 maps, 0.03<zs<2.6)",no,-,scripts yes,yes (github 0satoken/kappaTNG),no,arXiv:2010.09731
Hadzhiyska+2023 AbacusSummit lensing,Born (shell sum),"kappa = sum of particle-count shells x kernel; shear from kappa by SHT (E-only)","kappa,gamma(E),deflection, zs=0.15-2.45 + CMB; Nside 16384; 25 base + 2 huge boxes",no (B=0, omega=0 by construction),-,yes,yes (Globus; abacussummit.readthedocs.io); particle light cones 10% subsample,"HEALPix particle shells (dense in time, dlog a~0.001) -> need Poisson solve",arXiv:2305.11935
Kacprzak+2023 CosmoGridV1,Born (UFalcon shell sum),"shell x kernel","kappa (nside 512 products); raw shells nside 2048",no,-,UFalcon yes,yes (cosmogrid.ai, Globus; 2500 wCDM cosmologies x7 + 200 fiducial),"69 particle-count shells nside 2048 to z<3.5 per run -> need Poisson solve",arXiv:2209.04662
Jeffrey+2024 Gower Street,Born (shell sum),"shell x kernel","(shells only released)",no,-,-,yes (star.ucl.ac.uk/GowerStreetSims/ tar.gz per sim),"~100 particle-count shells nside 2048 z<49 (791 wCDM sims 1.25 Gpc/h 1080^3) -> need Poisson solve",Jeffrey et al 2024 (MNRAS 536 1303; arXiv:2403.02314)
Fosalba+2015 MICE-GC,Born ('onion' shell sum),"shell x kernel","kappa,gamma(E) Nside 4096 to z=1.4; per-galaxy kappa/gamma in MICECAT",no,-,-,catalogues via cosmohub.pic.es; shells not released,no,arXiv:1312.2947
FLAMINGO data release 2026,Born-like ('backward ray-tracing' from total-mass shells; details not stated),"shells x kernel (kappa maps Nside 8192, Euclid-like n(z))","kappa maps; no shear/rotation stated",no,-,swift-lightcone-io yes,yes (DiRAC Durham http-range HDF5 server; 2.3 PB total),"total-mass HEALPix shells Nside 16384/4096 to z=3 (1 Gpc hydro) and z=5 (L2p8); particle light cones for hydro runs",arXiv:2604.24324
Euclid Flagship 2,Born ('onion' shells),"shell x kernel","per-galaxy lensing (399 props)",no,-,-,Euclid Consortium internal,no,Euclid Collab. 2025 A&A (arXiv:2405.13495)
cosmoDC2 / OuterRim (HACC),multi-plane (Nside 4096 shells),"plane recursion","per-galaxy kappa,gamma",no,-,-,DESC catalogues; lensing maps not public,no,arXiv:1907.06530
Killedar+2012 (3D ray tracing in N-body),exact null geodesic in weak-field metric + ray bundle (8 rays),"geodesic eq. integrated through N-body potential; Jacobian from bundle","mu,kappa,gamma (magnification PDF focus)",no,-,no,no,no,arXiv:1110.4894
Fluke & Lasky 2011 ray-bundle method,multi-plane ray bundle,"bundle of rays through planes; Jacobian from bundle","kappa,gamma,omega,flexion",no,-,no,no,no,MNRAS 416 1616 (2011)
RAY-RAMSES (Barreira+2016),Born (straight rays, on-the-fly cell integration),"integrals along unperturbed LOS cell by cell in AMR","kappa,gamma(E) maps; ISW/SZ",no (omega=0, B=0 by construction),-,"RAMSES module (on request)",no,no,arXiv:1601.02012
Magrathea-Pathfinder (Reverdy 2014; Breton & Reverdy 2022),exact null geodesic (weak-field scalar metric on AMR) + Jacobi via infinitesimal or finite ray bundle (4 rays),"3D geodesic integration with AMR interpolation; finite-beam A incl. omega (infinitesimal method assumes symmetric A)","kappa,gamma1,gamma2,1/mu (+omega with bundle); catalogues with full a_ij; ISW; redshifts","rotation available; not reported as spectra",-,yes (github vreverdy/magrathea-pathfinder C++/MPI; reads RAMSES/HDF5 and 10-column ASCII gravity grids),via RayGal,"RayGal 'gravity light cone' = AMR cells with position/potential/force/redshift (double layer) full sky z<0.48, Narrow2 z<2 2500 deg2, Narrow1 z<10 400 deg2; 1-100 TB, by arrangement",arXiv:2111.08744; 2012.07802
RayGalGroupSims (Rasera+2022),exact null geodesic (Magrathea finite beam 1e-5 rad; Sachs screen),"as Magrathea","relativistic halo/particle catalogues with a11 a12 a21 a22 (full 2x2 incl. antisymmetric part) and 6 redshifts; HEALPix kappa,gamma1,gamma2,1/mu (Dirac/top-hat) Nside 2048 (z 0.2-0.45 full sky) 4096 (z 0.7-1.95 2500 deg2) 8192 (z 3-9.5 400 deg2)","B/rotation not analysed (paper studies kappa, delta, MB, RSD)",-,-,yes (cosmo.obspm.fr/public-datasets/; maps FITS; catalogues ASCII/FITS),"gravity cells (potential) on request 1-100 TB",arXiv:2111.08745
gevolution ray tracer (Adamek+2019; Lepori+2020),exact null geodesic + Sachs optical equations (scalar sector non-perturbative, frame dragging 1st order) on metric light cone,"geodesic + Sachs (theta,sigma) integrated backwards with shooting method; Jacobi map in parallel-transported Sachs basis","kappa,ellipticity,omega for ~1.35e8 particles, 450 deg2 pencil beam z<3.25, (2.4 Gpc/h)^3 7680^3 312.5 kpc/h","rotation yes; B not extractable","C_omega agrees with CAMB post-Born on large scales (Fig.4); ellipticity B >=4 orders of magnitude below E, lost in mask/pixel leakage; frame dragging gives B at 1st order but no omega",no (Born kappa tool in gevolution 1.2; metric light cone output public),no (UNITY by arrangement with P. Bull),"gevolution metric light cone (phi,psi,B_i on shells) = native Phi00/Psi0",arXiv:1812.04336; 2002.04024
snapshot-raytracer (Magi Lepori Adamek 2026),exact null geodesic + geodesic deviation (Jacobi map) from a single gevolution snapshot (Weyl potential + B_i) RK4 tricubic CUDA,"formally exact; full A per line of sight; full sky Nside 16384","area distance, ellipticity, rotation, deflection HEALPix maps","yes: C_BB and C_omega vs 2nd-order theory","zs=0.5: C_omega ~ C_BB ~ 1e-15-1e-16 vs C_EE ~1e-9-1e-8 (Figs 2-3) => B/E ~1e-6-1e-7; B=omega to within relativistic corrections ~5% at l~5; frame dragging dominates B at l<~10",yes (github JulianAdamek/snapshot-raytracer MIT; needs CUDA),no,"needs gevolution snapshot (we have cb3 phi/chi/T00 snapshots)",arXiv:2603.24179
Giblin Mertens Starkman (Zentner) 2016-2017 CosmoGRaPH,numerical relativity (BSSN) + null geodesic + optical scalar (Sachs) equations,"beam area and shear rate integrated along geodesics in full GR","D_A, kappa (convergence spectrum)",no,"GR corrections to C_kappa ~10% at l~2-3, percent at l~20-30",CosmoGRaPH public,no,no,arXiv:1707.06640
Macpherson 2026 (Einstein Toolkit + mescaline),numerical relativity + geodesic deviation (full Jacobi matrix),"Jacobi matrix propagated in general; Nside 32 rays, l<100",kappa (shear/rotation available but not analysed),no,"linear theory within 3-30% of nonlinear convergence at l<100",mescaline public (github hayleyjm/mescaline-1.0; ray tracer 'near future'),no,no,arXiv:2603.24838
Grasso Korzynski Serbenta (+Villa Matarrese) BiGONLight,numerical relativity (Einstein Toolkit) + bilocal geodesic operators (exact resolvent of geodesic deviation),"BGO integrated along geodesics","D_A, D_L, magnification, parallax, redshift drift",no,-,yes (github MicGrasso/bigonlight1.0 Mathematica),no,no,arXiv:1811.10284; 2105.04552; 2107.06306
Sanghai Fleury Clifton 2017,post-Newtonian cosmology + null geodesic + Sachs equations,"Sachs eqs backwards from observer","D_A, D_L, Jacobi matrix",no,-,no,no,no,arXiv:1705.02328 [[sanghaiRayTracingHubble2017]]
HRT (Zhou Li Dodelson Mandelbaum Zhang Li Fabbian 2024) in pmwd,exact 3D symplectic geodesic integration (weak field) + A from chained Jacobians via JAX autodiff,"post-Born, on-the-fly, no thin lens; kappa,gamma,omega from A","kappa,gamma,omega",rotation computed (orders of magnitude below kappa),-,"pmwd public (BSD-3) but ray-tracing feature not yet in repo",no,no,arXiv:2405.12913
Fleury Larena Uzan 2017/2019 finite beams (theory),theory: Sachs/Jacobi with finite beams,-,-,-,-,-,-,-,arXiv:1706.09383; 1809.03919; 1809.03924
Clarkson+ Roulettes 2016 (theory),theory: nonlinear geodesic deviation expanded in spin modes,-,-,-,-,-,-,-,[[clarksonRoulettesWeakLensing2016a]] [[clarksonRoulettesWeakLensing2016]]
Cooray & Hu 2002; Hirata & Seljak 2003; Krause & Hirata 2010; Bernardeau Bonvin Vernizzi 2010; Pratten & Lewis 2016 (theory),second/fourth-order perturbation theory of shear/rotation,-,-,"B-mode first at O(Phi^4): <gamma_B^(2) gamma_B^(2)>; no '13' or '12' B term because gamma_B^(1)=0; C_BB = C_omega at leading order","B/E >= 2 orders below (CH02); factor >=500 (z<=3) / 3000 (z<=1) below E incl. reduced shear and lensing bias (KH10)",-,-,-,astro-ph/0202411; PRD 68 083002; arXiv:0910.3786; 0911.2244; 1605.05662
