source,arxiv,kind,source_redshift,scale,quantity,value,notes
"Jain, Seljak & White 2000",astro-ph/9901191,ray-tracing,1,"all ell shown","C_omega/C_kappa","<1e-3","antisymmetric Jacobian power 'smaller by more than 3 orders of magnitude'; rotation quadratic in shear"
"Cooray & Hu 2002",astro-ph/0202411,analytic 2nd order,"~1","ell 100-1e4","(Born + lens-lens) B or omega / E","<=1e-2 (bound)","'at least two orders of magnitude below the convergence or E-mode power'; first-third order term vanishes in Limber; B power = convolution of two P_Phi (Eq. 22, 30)"
"Schneider, van Waerbeke & Mellier 2002",astro-ph/0112441,analytic (source clustering),"z0=1","1 arcmin (ell~2e4)","P_B/P_kappa","~2e-2","rises as (ell/4.9e5)^1.2 at large ell; comparable to E at 2 arcsec; negligible above several arcmin"
"Hirata & Seljak 2003",astro-ph/0306354,analytic CMB,1100,"reconstruction","rotation impact","+15% MSE at 0.25 uK-arcmin","rotation power from Gaussian (trispectrum) part at second-order Born; B and omega spectra equal at second order"
"Shapiro & Cooray 2006",astro-ph/0601226,analytic to O(Phi^4),1,"ell<=1e4","corrections vs cosmic variance","below CV","'Third order corrections vanish in the Limber approximation'; new O(Phi^4) term affects kappa/E only, B and omega unchanged"
"Hilbert et al. 2009",0809.5035,ray-tracing (Millennium),"1 and 2","aperture mass 0.5'-few deg","<M_B^2>/<M_E^2>","<=1e-3 small scales; <1e-5 larger scales","Cooray-Hu/Hirata-Seljak predictions low by ~2 on small scales; ray-traced B declines faster on large scales; residual B<=1e-6 E with deflection and lens-lens off; Born kappa power difference <~2% for ell<1e4"
"Krause & Hirata 2010",0910.3786,analytic to O(Phi^4),"1 (numerics)","ell<=1e4","total B/E (multiple deflection + reduced shear + lensing bias q<=2)","<=1/500 (z<=3); <=1/3000 (z<=1)","worst-case bound saturated at small scales and high z_s; reduced-shear B ~1e-4 E ('4 magnitudes smaller'); no '13' B/omega term because gamma_B^(1)=omega^(1)=0; '12' (Phi^3, bispectrum) terms vanish in Limber"
"Bernardeau, Bonvin & Vernizzi 2010",0911.2244,full-sky 2nd order,-,-,"B-mode order","appears at 2nd order in field","no numbers; sources: lens-lens, Born, vectors, tensors"
"Becker 2013 (CALCLENS)",1210.3069,full-sky ray-tracing,1.1,"ell up to ~1e3-1e4","C_B/C_E and C_omega/C_E","~1e-6 ('suppressed by nearly a factor of 10^6, redshift dependent')","C_B = C_omega to <~1% with pure SHT solver; SHT+MG adds numerical B"
"Hagstotz, Schaefer & Merkel 2015",1410.8452,analytic CMB,1100,"all ell","post-Born change to CMB BB","up to 10% (superseded)","later work (Pratten & Lewis 2016; Marozzi et al. 2017) reports a missed cancellation reducing it by >1 order of magnitude"
"Pratten & Lewis 2016",1605.05662,analytic CMB,1100,"L~1e3","C_omega/C_kappa","~ post-Born kappa correction, i.e. <~2e-3","'no first order field rotation, its power spectrum comes entirely from second-order lens-lens coupling'; C_kappa_omega=0 by parity; rotation-induced CMB BB 5 orders below convergence BB at ell~100, 2.5% of B amplitude at small scales"
"Lewis & Pratten 2016",1608.01263,analytic CMB,1100,"ell<4000","bispectrum corrections to lensed EE/BB","~0.3% -> <=0.15%","rotation bispectrum contributions <=1e-4"
"Marozzi et al. 2016/2017",1605.08761;1612.07263,analytic CMB,1100,"ell>~3500","NLO BB correction","comparable to cosmic variance","dominated by polarization rotation; bispectrum-dependent terms vanish in Limber (delta(r'-r''))"
"Boehm et al. 2016/2018",1605.01392;1806.01157,CMB reconstruction,1100,"Stage III/IV","N^(3/2) bispectrum bias on reconstructed C_L^phiphi","0.5-2.5% of signal","estimator bias, not a curl/B-mode power; absent in EB,EB"
"Takahashi et al. 2017",1706.01472,full-sky ray-tracing,1.033,"ell 2-1e4","C_B/C_E","<=1e-3","shear B has numerical E->B leakage (resolution dependent); rotation 'agrees closely' with Krause & Hirata prediction (Fig. 23, App. C)"
"Takahashi et al. 2017",1706.01472,full-sky ray-tracing,1100,"ell<1000","curl vs leading post-Born","agrees","CMB BB enhanced 0.5-1% at ell>~2000 by post-Born"
"Petri, Haiman & May 2017",1612.00852,ray-tracing,2,"convergence only","Born vs ray-traced C_kappa residual","consistent with O(Phi^3) born x (ll+geo) terms","no B-mode analysis; O(Phi^4) terms cancel"
"Fabbian, Calabrese & Carbone 2018",1702.03317,ray-tracing (DEMNUni) CMB,1100,"all ell","sim/post-Born C_omega","<5% all scales; <1% at peak","kappa variance agrees to ~3%; omega kurtosis 3.2"
"Wei et al. 2018 (ELUCID)",1801.03941,full-sky ray-tracing,"~1","all ell","C_B/C_E","<1e-4","'suppressed by more than four orders of magnitude'"
"Fabbian, Lewis & Beck 2019",1906.08760,ray-tracing (lenS2HAT),"0.6-2 bins","all ell","sim/post-Born C_omega","few percent (z>=0.6); ~20% at z=0.2-0.35 (resolution)","post-Born kappa_z differs from Born by ~0.05% at z=2"
"Robertson, Fabbian, Carron & Lewis 2024",2406.19998,CMB curl estimator,1100,"-","field rotation / convergence","~1e-4","non-Gaussian biases on curl cross-spectrum Gaussian-only at SO, ~1 sigma for S4 QE"
"Magi, Lepori & Adamek 2026",2603.24179,relativistic 2nd order + gevolution,0.5,"ell<~10","frame-dragging / Sachs-basis B","5% of shear B at ell~5; percent of ellipticity B","reduced shear dominates ellipticity B-mode"
"Georgiou et al. 2023",2309.03841,IA forecast,"LSST clusters","-","IA B-mode S/N","~12","astrophysical B-mode, not lensing"
"Asgari et al. 2019",1810.02353,observations,"Stage III","COSEBIs","B-mode detection","2.7 sigma (KiDS-450, CFHTLenS); 2.8/5.5 sigma (DES-SV)","PSF / repeating additive shear bias"
"Asgari et al. 2021 (KiDS-1000)",2007.15633,observations,"Stage III","COSEBIs","B-mode","consistent with zero","-"
"Daley et al. 2026 (UNIONS-3500)",2604.03227,observations,"Stage III","COSEBI n=1, 1-250 arcmin",">4 sigma excess","oscillatory at 6-14 arcmin CCD scale","passes after cuts 12-83 arcmin, 300<ell<1600 (min PTE 0.18)"
"THIS PAPER (Zhang et al. 2606.19472) FK claim",2606.19472,SFT diagram FK,"5","ell=60 / 1500","C_BB^FK/C_EE^O0","6.3e-3..8.3e-3 / 3.8e-3..5.0e-3","B/E within FK 0.95 -> 0.42"
"THIS PAPER FK claim",2606.19472,SFT diagram FK,"1","ell=60 / 1500","C_BB^FK/C_EE^O0","4.4e-3..5.4e-3 / 2.7e-3..3.3e-3","-"
